timestamp_begin,timestamp_end,response_time,total_calls,ENDPOINT_1,ENDPOINT_2,ENDPOINT_3,ENDPOINT_4,ENDPOINT_5,ENDPOINT_6,ENDPOINT_7,ENDPOINT_8,ENDPOINT_9,ENDPOINT_10,ENDPOINT_11,ENDPOINT_12,ENDPOINT_13,ENDPOINT_14,ENDPOINT_15,ENDPOINT_16,ENDPOINT_17,ENDPOINT_18,ENDPOINT_19,ENDPOINT_20,ENDPOINT_21,ENDPOINT_22,ENDPOINT_23,cpu_app,memory_app,cpu_db,memory_db,rows_fetched,rows_returned,db_commits
1701883633,1701883693,0.0,0,0,0,0,0,0,0,0,0,0,0,0,0,0,0,0,0,0,0,0,0,0,0,0,8.9937,23.9053,2.8506133333333334,62.31632500000001,8685.1158,18426.4955,18.7213
1701883693,1701883753,2.175,40,2,3,0,2,2,2,2,2,2,2,2,2,2,1,2,1,1,3,2,2,1,2,0,27.8823,23.9241,11.575421666666669,59.187075,66423.4229,110405.6842,124.8873
1701883753,1701883813,4.264150943396227,53,4,5,1,2,2,2,2,2,2,2,2,2,2,2,2,2,2,4,3,3,0,4,1,40.6053,23.9471,36.181979999999996,60.48646333333334,91760.3401,149335.2046,123.2066
1701883813,1701883873,6.309859154929577,71,4,4,0,4,4,4,4,4,4,4,4,4,4,2,2,2,2,2,2,5,0,6,0,46.1338,23.9649,42.003386666666664,61.638828333333336,86293.9086,141832.0917,150.5085
1701883873,1701883933,9.773333333333333,75,3,4,0,3,3,3,3,3,3,3,3,3,3,3,4,3,4,7,5,6,1,5,0,45.79,23.9872,42.18083833333332,62.55303666666665,74604.1509,121171.455,140.2565
1701883933,1701883993,12.112676056338028,71,3,6,1,3,3,3,3,2,2,2,2,2,2,3,5,2,2,7,5,5,2,5,1,44.1338,23.9879,37.59682500000001,64.47553833333335,90637.0288,146934.5262,135.0934
1701883993,1701884053,12.602941176470589,68,3,6,2,3,3,3,4,4,3,3,3,3,3,1,1,0,0,5,5,5,0,6,2,49.3832,24.0091,38.56517166666667,64.75760999999997,80904.5686,127331.1904,141.9888
1701884053,1701884113,12.233766233766234,77,1,3,0,3,3,3,3,3,4,4,4,4,4,3,5,4,4,6,3,7,1,4,1,42.8571,24.0158,39.73485499999999,64.89774833333334,92364.2832,146596.4528,132.826
1701884113,1701884173,14.88888888888889,45,2,4,1,2,2,2,1,1,1,1,0,0,0,2,3,2,2,5,4,4,2,3,1,38.3747,24.0207,40.09363166666667,65.918025,76530.5336,129487.6419,135.9549
1701884173,1701884233,13.333333333333334,69,4,7,2,2,2,2,2,2,2,2,2,3,3,2,3,3,3,6,4,5,1,5,2,50.3899,24.036,36.198434999999996,65.96585,79913.6069,134953.6543,137.8093
1701884233,1701884293,13.582089552238806,67,3,3,0,5,3,3,3,3,2,2,3,3,3,3,3,3,2,5,3,6,0,6,0,49.8632,24.1512,41.81446333333333,64.83228000000004,79333.954,134965.9934,145.3835
1701884293,1701884353,11.865671641791044,67,2,3,0,2,2,3,3,3,3,3,4,4,4,4,4,3,3,4,3,7,0,3,0,49.184,23.892,44.23349666666665,65.77948333333335,101487.4025,151338.4557,146.832
1701884353,1701884413,11.923076923076923,78,1,4,0,3,3,3,3,3,3,3,3,3,3,3,5,4,4,8,7,6,2,4,0,39.3269,23.8641,38.58095333333333,65.46462666666667,53395.8725,96560.1424,140.4473
1701884413,1701884473,14.144927536231885,69,5,5,2,1,1,1,1,1,1,1,1,1,1,3,4,3,5,12,9,4,1,4,2,44.4952,23.9001,31.07014833333334,65.92154500000001,91115.7635,146826.8976,121.2724
1701884473,1701884533,14.596153846153847,52,3,6,0,3,3,3,3,2,2,1,1,1,1,0,1,0,0,6,7,2,1,6,0,36.2976,23.921,38.233593333333346,64.54684333333334,74798.802,121441.2041,135.4793
1701884533,1701884593,12.270588235294118,85,4,8,2,3,3,3,3,3,4,4,4,5,5,1,4,2,2,4,4,6,2,7,2,51.1863,23.9329,43.64874666666666,66.360775,84007.5814,127883.7529,145.4918
1701884593,1701884653,14.036585365853659,82,1,1,0,4,4,4,4,4,4,4,4,4,4,5,4,3,3,7,4,9,1,4,0,47.1869,23.9096,37.87556833333334,66.16141666666665,103503.9603,162905.6963,128.9688
1701884653,1701884713,15.862745098039216,51,3,5,1,1,1,1,1,1,1,1,1,1,1,2,2,2,2,8,6,5,1,3,1,41.635,23.9021,40.56322333333335,64.73532166666665,56804.4958,112568.6364,141.7584
1701884713,1701884773,13.25,84,2,4,1,3,3,3,3,3,2,2,2,2,2,5,7,5,5,10,6,7,2,4,1,50.3423,23.9124,31.15555666666667,66.61589000000002,98461.8173,135200.2378,131.328
1701884773,1701884833,13.216666666666667,60,3,6,1,2,1,1,1,2,2,2,2,2,2,2,2,1,1,8,9,4,2,3,1,37.6817,23.9209,37.45913333333333,65.01732666666666,72135.2771,125450.9156,132.4787
1701884833,1701884893,12.397435897435898,78,6,7,2,3,3,3,3,3,3,3,3,3,3,2,2,1,3,5,6,5,1,6,2,44.9091,23.9622,37.92797333333332,65.80160000000002,85273.3669,131213.7402,139.7851
1701884893,1701884953,15.107142857142858,56,1,1,0,6,3,3,3,2,2,2,2,2,2,3,3,3,3,3,1,5,0,6,0,42.7149,23.9489,43.65033499999999,64.90996166666669,122169.205,192304.7702,138.5489
1701884953,1701885013,11.86111111111111,72,2,3,0,2,2,2,4,4,4,4,4,4,4,3,3,2,3,7,5,7,1,2,0,36.2514,23.9543,45.580301666666664,65.15486000000001,48402.4961,91542.5216,148.5724
1701885013,1701885073,13.552631578947368,76,2,3,1,3,3,3,2,2,2,2,2,2,2,5,5,5,6,10,5,6,0,4,1,42.1438,23.9647,32.53120499999999,66.07832833333332,84925.9813,133906.2615,133.4669
1701885073,1701885133,14.35,60,3,4,0,2,2,2,1,1,2,2,2,2,2,2,2,2,2,10,7,4,1,5,0,39.1211,23.9646,39.52882666666666,66.36750166666666,79741.3546,134547.3434,139.5023
1701885133,1701885193,11.75,80,2,4,1,3,3,3,3,3,4,4,4,4,4,2,4,2,1,7,7,6,3,4,2,39.0736,23.9731,50.51692500000001,65.2379383333333,84163.8258,126914.6346,136.0183
1701885193,1701885253,13.03225806451613,62,3,4,1,3,2,2,2,2,1,1,1,1,1,4,4,4,4,6,5,4,1,4,2,41.094,23.9701,43.79668999999999,65.41629666666667,91834.1012,153778.5548,134.4805
1701885253,1701885313,11.909090909090908,66,2,4,1,2,2,2,2,2,3,3,3,3,4,2,3,1,2,9,6,4,2,3,1,36.8087,23.9807,49.222111666666656,65.18277833333335,66379.4158,104184.2203,138.8413
1701885313,1701885373,13.1125,80,2,6,2,2,2,2,2,2,2,2,2,2,2,4,6,4,4,10,9,5,2,4,2,42.6712,23.9867,38.754215,65.49283666666665,77178.6328,117589.1639,126.0687
1701885373,1701885433,13.242424242424242,66,2,7,2,2,2,2,2,2,2,2,2,2,2,2,3,1,1,6,9,4,3,4,2,39.3398,23.9989,33.90224833333334,64.80736,88683.3767,140148.0816,129.9475
1701885433,1701885493,13.537313432835822,67,3,6,1,2,2,2,2,2,2,2,2,2,2,1,4,2,2,7,7,4,3,5,2,42.0875,24.001,35.26614333333334,65.91454833333333,77285.022,123868.3219,131.6911
1701885493,1701885553,12.578125,64,3,5,1,3,3,3,3,3,3,3,2,2,2,2,3,2,2,4,4,4,0,6,1,39.9812,24.0092,39.65873,65.25742333333334,95807.5929,156791.2501,145.5395
1701885553,1701885613,11.68,75,0,1,0,3,4,4,4,4,4,4,4,5,5,2,3,3,3,7,4,7,1,3,0,38.596,24.0109,44.80018999999999,65.89001333333334,71763.8715,110102.264,140.3077
1701885613,1701885673,15.098360655737705,61,2,5,1,0,0,0,0,0,0,0,0,0,0,5,7,5,5,12,9,5,2,2,1,42.7567,24.0127,29.921253333333333,66.28314000000002,79830.1568,130392.7908,120.3951
1701885673,1701885733,12.5,62,3,8,2,1,1,2,2,2,2,2,2,2,2,0,1,0,1,9,9,2,3,4,2,37.1346,24.0031,31.59293333333333,65.83532999999998,79411.0543,121651.4166,131.4655
1701885733,1701885793,12.962962962962964,81,2,7,2,3,3,3,3,3,3,3,3,3,3,2,5,1,1,8,6,5,4,5,3,40.6271,23.9216,38.74149166666667,64.91496999999998,88257.9359,130095.6037,129.7348
1701885793,1701885853,14.492063492063492,63,5,7,3,2,2,1,1,1,1,1,1,1,1,4,4,3,3,4,4,4,0,7,3,42.8041,23.9008,37.75902333333332,64.72124,75017.4325,137944.6982,144.9562
1701885853,1701885913,10.977272727272727,88,1,2,0,5,5,5,5,6,6,6,6,6,6,1,2,2,2,4,4,7,1,6,0,38.8222,23.9109,43.79108333333334,65.50742166666667,93174.1743,137293.1292,145.722
1701885913,1701885973,14.964912280701755,57,0,3,0,1,1,1,1,1,1,1,1,1,1,5,7,5,5,8,3,7,2,1,1,43.8814,23.9381,38.507338333333344,65.93894833333333,78760.4302,137206.09,123.8607
1701885973,1701886034,13.703703703703704,54,5,6,1,2,2,2,2,1,0,0,0,0,0,0,2,2,2,10,9,1,1,5,1,37.3273,24.055,32.324553333333334,65.86073166666668,79863.4406,125729.4198,134.8081
1701886034,1701886094,11.952380952380953,84,2,7,1,3,3,3,3,4,5,5,5,5,5,1,3,1,1,4,7,6,2,5,3,40.8154,24.0012,39.937780000000004,65.21134999999998,85688.8463,128277.1144,137.8222
1701886094,1701886154,14.507936507936508,63,3,3,2,4,2,2,2,2,2,2,2,1,1,5,5,4,4,3,1,6,0,5,2,53.7859,23.9196,37.17761166666667,64.62142,99126.5984,168690.3431,135.1266
1701886154,1701886214,11.914285714285715,70,3,3,0,4,4,3,3,3,3,3,3,4,4,0,1,1,3,8,8,5,0,4,0,41.83,23.9237,43.544658333333345,66.33774333333332,70380.2325,113253.4617,146.9996
1701886214,1701886275,13.095238095238095,84,1,4,0,2,3,3,3,3,3,3,3,3,3,5,7,5,5,8,6,8,2,3,1,42.0068,23.9317,37.59382833333335,66.30221333333334,71723.0518,115691.5438,130.4996
1701886275,1701886335,12.48611111111111,72,2,5,1,2,2,2,2,2,2,2,2,1,1,3,5,3,4,12,9,4,2,3,1,38.76,23.9249,31.126038333333334,66.02826666666665,81624.3985,126617.822,127.8633
1701886335,1701886395,14.836065573770492,61,4,9,2,1,1,1,1,1,1,1,2,2,2,0,2,0,1,8,9,3,2,5,3,39.1901,23.9543,34.61197166666667,64.61070499999998,71703.4863,113796.4392,128.1789
1701886395,1701886455,14.784615384615385,65,2,4,2,4,3,3,3,2,2,2,2,2,2,3,3,2,2,5,3,5,1,6,2,40.769,23.9508,36.621518333333334,65.23788499999998,112003.86,171458.2877,135.1251
1701886455,1701886516,12.136986301369863,73,2,4,1,2,2,2,3,3,4,4,4,4,4,3,3,2,1,7,6,6,1,4,1,37.9088,23.9544,44.68578,65.5861033333333,51760.0814,94304.3119,152.422
1701886516,1701886576,13.041666666666666,72,2,3,1,3,2,2,2,2,2,2,2,1,1,5,5,6,6,9,6,5,0,4,1,51.3835,23.9579,35.12212333333333,65.33936,112332.8129,175598.0684,123.9122
1701886576,1701886636,13.517241379310345,58,3,4,0,3,2,2,2,2,2,2,2,2,2,1,2,1,3,8,6,4,1,4,0,37.2212,23.9696,41.49558833333334,66.20467500000001,66453.8427,108369.173,141.7359
1701886636,1701886696,12.36144578313253,83,2,6,1,3,3,3,3,3,3,3,3,3,3,3,5,3,4,9,7,6,2,4,1,40.0111,23.9771,32.76616333333333,65.44183166666666,77532.5843,123535.8862,137.8939
1701886696,1701886757,13.932203389830509,59,2,3,1,3,3,3,3,2,1,1,1,1,1,3,3,3,3,7,5,4,0,5,1,42.4825,23.9847,34.595163333333325,66.198115,106041.3472,163346.6012,131.1425
1701886757,1701886817,12.135135135135135,74,2,5,0,2,2,2,2,2,3,3,4,4,4,1,3,1,2,10,10,5,3,4,0,36.6042,23.9713,39.79349,65.98316833333332,66960.6333,107138.4605,143.031
1701886817,1701886877,12.518518518518519,81,2,6,1,2,2,2,2,2,2,2,2,2,2,4,7,4,4,9,9,6,4,2,3,43.5213,23.9995,30.003216666666678,64.40354666666666,95043.1419,147233.4074,115.7112
1701886877,1701886937,18.3953488372093,43,7,7,3,0,0,0,0,0,0,0,0,0,0,0,1,0,0,6,7,2,1,6,3,36.4772,24.0138,38.76252666666666,65.42180166666667,60673.3267,109453.8017,144.6023
1701886937,1701886998,11.657407407407407,108,3,4,0,7,7,7,7,7,7,7,7,6,6,2,3,2,2,3,3,8,1,9,0,50.6217,24.0107,39.208645000000004,67.31652333333334,117791.3664,163670.6577,144.2383
1701886998,1701887058,14.709090909090909,55,0,1,0,2,2,2,2,2,2,2,2,2,2,4,5,4,4,3,3,8,1,2,0,42.3546,24.02,47.90467999999999,64.91671166666666,69015.6782,132900.1955,136.4547
1701887058,1701887118,13.611940298507463,67,4,4,1,1,1,1,1,1,1,2,2,1,1,4,4,4,6,9,10,5,0,3,1,47.416,24.028,31.667601666666673,66.51732833333332,64648.1962,110367.3035,132.5298
1701887118,1701887178,12.588235294117647,68,3,7,0,4,2,2,2,2,2,2,3,3,3,1,2,1,2,6,8,4,3,5,1,39.7451,24.0361,36.82343500000001,65.30422,100165.4323,152959.4164,137.2587
1701887178,1701887238,13.701492537313433,67,4,4,2,1,1,1,2,3,3,3,3,3,3,2,4,2,2,6,4,6,2,4,2,41.2253,24.0435,43.946215,65.99682666666665,62736.4676,102994.4541,145.5957
1701887238,1701887298,12.80232558139535,86,2,3,0,4,4,4,4,4,4,4,3,3,3,4,5,4,4,9,5,7,1,5,0,48.4594,24.0368,35.37343166666667,65.53273333333331,103822.5521,160931.2839,133.8815
1701887298,1701887358,14.892857142857142,56,3,5,1,1,1,1,1,1,1,1,1,2,2,2,2,1,2,9,8,5,2,3,1,40.0256,24.023,37.18469000000001,64.81285333333335,62380.384,108013.4231,134.9933
1701887358,1701887418,11.879518072289157,83,3,5,1,3,3,3,3,3,3,3,3,3,3,3,4,4,4,9,7,5,2,5,1,40.3514,23.9706,32.99774499999999,65.82419166666666,95628.4987,148455.8731,137.2467
1701887418,1701887478,15.054545454545455,55,3,4,0,2,2,2,2,2,2,2,2,2,2,2,2,1,1,5,5,5,1,5,1,41.8368,23.9733,43.70416666666665,65.34575500000001,84156.7576,139965.248,146.5016
1701887478,1701887538,11.670886075949367,79,2,2,1,5,5,5,5,5,3,3,3,3,3,4,3,3,3,5,4,6,0,5,1,41.2303,23.9626,39.232040000000005,65.65451166666668,106243.1194,155086.5149,136.1789
1701887538,1701887598,13.818181818181818,55,2,4,0,0,0,0,0,1,1,1,2,2,2,4,6,3,4,8,6,5,1,2,1,37.6564,23.9557,37.71486333333334,65.76304666666667,47228.5971,94163.9391,138.8417
1701887598,1701887658,12.181818181818182,77,3,7,2,3,3,3,3,3,2,2,2,2,1,2,4,2,3,9,8,3,2,5,3,44.9756,23.9555,28.51570333333333,65.39059166666667,104360.9624,153980.783,124.9976
1701887658,1701887719,12.8,60,3,6,2,2,2,2,2,3,3,3,3,2,2,1,2,1,1,4,5,4,1,4,2,39.8631,23.9547,39.92897166666667,65.25902499999998,81370.3355,134672.2499,138.0202
1701887719,1701887779,13.126760563380282,71,3,5,2,4,3,3,3,3,3,3,3,2,2,2,2,2,3,6,4,6,0,5,2,39.8137,23.9547,40.27207,65.22353166666666,81419.4443,127455.0554,143.0642
1701887779,1701887839,12.070422535211268,71,1,4,0,2,2,2,2,2,2,2,2,3,3,3,6,4,4,10,7,5,2,2,1,39.1256,23.9578,35.40972,66.59454166666667,71248.7422,115429.8808,135.2237
1701887839,1701887899,13.709677419354838,62,2,5,2,2,2,1,1,1,1,1,1,1,1,2,4,2,2,12,9,3,2,3,2,39.6351,23.954,31.511499999999995,65.83483666666665,84918.107,134784.8592,124.5809
1701887899,1701887959,12.442857142857143,70,3,7,1,1,2,2,2,2,2,2,2,2,2,2,4,1,1,10,11,3,3,4,1,39.7583,23.9698,41.519664999999996,65.47071666666668,79987.2764,119949.505,130.4593
1701887959,1701888019,12.225,80,3,6,1,4,4,4,4,4,3,3,3,3,3,2,4,2,3,5,5,5,1,6,2,40.6393,23.9697,38.80551333333333,64.77001999999999,99881.6145,156671.5198,132.8842
1701888019,1701888079,14.706896551724139,58,2,4,2,2,2,2,2,3,3,3,3,3,3,1,0,0,1,5,4,6,1,4,2,36.5823,23.9662,47.59145833333334,64.89855000000001,64852.1997,110875.39,143.926
1701888079,1701888139,13.381578947368421,76,2,4,1,2,2,2,2,2,2,2,2,2,2,5,7,5,6,8,5,7,2,3,1,42.4715,23.9748,34.959528333333324,67.06811166666665,76654.9642,123006.6069,130.2869
1701888139,1701888199,13.35820895522388,67,4,8,1,2,2,2,2,2,1,1,1,1,1,2,4,2,3,8,8,3,2,6,1,51.1549,23.9737,36.00886333333333,66.167035,85799.9306,137001.2357,132.2117
1701888199,1701888259,12.0,85,3,5,2,4,4,4,4,5,5,5,5,5,5,1,1,2,3,4,3,6,0,7,2,41.6674,23.9899,42.44320666666667,64.42382833333335,99610.7044,146716.8043,139.768
1701888259,1701888319,15.148148148148149,54,0,1,0,3,3,3,3,3,1,1,1,1,1,3,4,2,3,6,5,6,1,3,0,43.7291,23.9964,44.16240666666667,65.01490666666668,79462.7145,138253.4332,132.5238
1701888319,1701888379,13.553571428571429,56,2,5,1,0,0,0,0,1,1,1,2,2,2,3,5,3,3,8,8,5,2,1,1,36.5578,23.9883,42.277406666666664,65.77251,54566.2526,94366.8931,138.1546
1701888379,1701888439,13.776315789473685,76,5,9,2,1,2,2,2,2,2,2,2,2,2,2,4,2,3,8,8,4,2,6,2,49.6574,24.0255,35.502714999999995,65.11304,89704.4978,130032.2194,124.5639
1701888439,1701888499,19.047619047619047,42,1,3,1,5,4,0,0,0,0,0,0,0,0,2,3,1,1,5,6,2,2,5,1,55.4974,23.9876,35.642048333333335,64.76556833333333,102508.3983,164701.3949,116.3834
1701888499,1701888559,10.217391304347826,92,4,6,2,1,5,5,5,6,6,6,6,6,6,2,2,2,2,3,5,6,0,4,2,39.341,24.038,41.62436666666665,64.98201833333334,63422.7667,92482.9498,153.882
1701888559,1701888619,13.790123456790123,81,2,4,1,3,3,3,3,3,3,3,3,3,3,5,6,5,5,4,4,8,2,4,1,48.783,24.0441,40.02500666666667,65.84060666666666,84618.5032,148096.2717,133.6151
1701888619,1701888679,13.839285714285714,56,2,4,0,2,2,2,2,2,2,1,1,1,1,3,2,1,4,8,6,4,2,3,1,39.7357,24.0466,37.91849166666667,66.34042666666666,83669.3095,141260.5477,132.6019
1701888679,1701888739,13.183333333333334,60,3,5,1,3,2,2,1,1,1,1,1,2,2,1,3,1,4,9,6,3,2,4,2,39.2314,24.0544,36.28351,65.68662666666667,84415.0916,127229.1897,136.3784
1701888739,1701888799,11.605263157894736,76,2,5,2,3,3,3,3,3,3,3,3,3,3,2,4,2,3,8,6,5,2,3,2,39.3001,24.1551,36.28252333333333,66.87133166666666,77437.0101,118369.8062,134.8102
1701888799,1701888860,13.17142857142857,70,2,6,2,1,2,2,2,2,2,2,2,2,2,3,4,2,3,9,8,5,2,3,2,39.4982,23.9672,34.36710000000001,66.04348333333336,74627.518,121172.157,134.3665
1701888860,1701888920,13.50632911392405,79,6,8,2,4,3,2,2,2,2,2,2,2,2,3,3,3,3,7,7,4,0,8,2,42.982,23.9619,35.301885,66.12039666666666,100527.0965,167137.1099,133.0313
1701888920,1701888980,12.206349206349206,63,1,2,0,5,6,5,5,5,4,4,3,3,3,0,0,0,0,3,3,5,1,5,0,37.6728,23.9621,52.33847833333332,65.34781833333335,85458.1292,131983.369,150.4109
1701888980,1701889040,13.45945945945946,74,2,3,1,1,2,2,2,2,2,2,3,4,4,5,6,5,5,7,3,9,1,2,1,42.0544,23.9618,38.688639999999985,65.59423833333334,65713.6247,119008.8929,140.1488
1701889040,1701889100,13.121621621621621,74,2,5,0,3,2,2,2,2,2,2,2,2,2,3,4,4,4,13,8,4,2,4,0,42.5346,23.9608,31.629234999999998,65.38380833333332,98264.1598,146793.4051,122.876
1701889100,1701889160,14.783333333333333,60,4,6,0,2,2,2,2,2,2,2,2,2,3,0,2,0,0,8,7,4,2,5,1,36.4359,23.9703,40.77777833333334,65.57018666666666,67617.5862,106360.0958,142.9992
1701889160,1701889220,12.434782608695652,92,4,3,2,5,5,5,5,5,5,5,4,4,4,4,3,3,3,4,3,8,0,6,2,52.5878,23.9631,39.42404000000001,64.54664166666664,110919.5595,180378.2993,135.4384
1701889220,1701889280,14.288461538461538,52,2,3,0,3,3,3,3,2,1,1,1,2,2,3,2,2,2,4,3,6,1,3,0,37.3102,23.9532,47.638989999999964,64.93226666666666,73032.8703,118933.6027,145.1399
1701889280,1701889340,13.567164179104477,67,1,4,1,0,0,0,0,0,1,2,2,2,2,5,8,5,5,10,8,6,3,1,1,44.3385,23.9449,30.95809333333334,65.42811833333336,58110.4671,103124.5576,128.7115
1701889340,1701889400,12.075757575757576,66,4,8,1,2,2,2,2,2,1,1,1,1,1,2,3,2,3,8,10,2,2,5,1,41.7098,23.9496,29.766253333333328,64.90025333333332,85536.7506,133899.5808,130.3597
1701889400,1701889460,11.797101449275363,69,1,6,1,2,2,3,3,4,4,4,4,4,5,0,1,0,0,6,7,5,2,3,2,37.838,23.9558,38.547499999999985,65.02072999999999,93186.745,137669.2748,135.8511
1701889460,1701889520,14.328125,64,3,4,1,3,3,1,1,1,1,1,1,1,1,5,6,5,5,6,3,6,1,4,1,44.5945,23.9632,35.06671999999999,64.25139166666666,73118.5901,129245.4494,135.714
1701889520,1701889581,11.082191780821917,73,2,5,0,2,4,4,4,4,3,3,3,3,3,1,2,1,3,9,7,4,3,3,0,36.6504,23.9704,37.83931166666667,64.93698,89471.5662,127192.2766,134.1817
1701889581,1701889641,13.068493150684931,73,4,8,3,1,1,1,1,1,1,1,2,2,2,3,6,3,4,8,6,5,3,3,4,46.2727,23.9887,32.07329166666667,64.51065333333332,69504.3802,119232.91,128.0708
1701889641,1701889701,11.970149253731343,67,2,4,1,5,5,4,3,3,2,2,2,2,1,2,2,2,3,7,5,3,1,5,1,41.9185,23.9789,34.681765,65.48866333333334,121545.2954,180290.4373,130.4068
1701889701,1701889761,13.576923076923077,52,2,5,0,1,2,1,1,2,3,3,3,3,3,0,3,0,0,5,4,5,3,2,1,34.0502,23.995,41.29286333333334,64.68814833333334,56646.9518,96289.2237,148.8299
1701889761,1701889822,12.64367816091954,87,4,6,3,3,4,4,3,3,3,3,2,2,2,5,5,5,5,6,4,7,0,5,3,48.3212,24.0014,33.08089166666666,65.13394333333333,90224.0664,142075.9466,135.6017
1701889822,1701889882,12.945205479452055,73,2,4,0,2,2,2,2,2,3,4,4,4,4,2,2,2,2,9,9,6,2,4,0,38.9361,24.0062,38.97576,65.81335666666665,75297.2222,126183.9806,144.1919
1701889882,1701889942,14.287878787878787,66,2,5,0,2,2,2,2,2,2,2,2,2,2,2,5,2,2,7,6,6,3,4,2,38.6941,24.0119,36.31875333333335,64.57730166666667,80514.7924,137697.0334,131.3091
1701889942,1701890002,13.179487179487179,78,3,5,3,4,4,3,2,2,2,2,2,2,2,4,5,4,3,7,4,6,1,5,3,46.0511,24.0177,36.545168333333336,65.19699333333337,86163.3186,130050.8153,138.1512
1701890002,1701890063,13.4,70,4,5,1,1,2,3,3,3,3,3,3,3,3,1,1,2,2,8,8,5,0,5,1,41.652,24.0293,38.50828999999999,65.119125,76825.5938,122800.4243,140.6691
1701890063,1701890123,12.731707317073171,82,0,2,0,4,4,4,4,4,4,4,4,4,4,3,4,4,4,7,5,7,1,4,1,41.1025,24.0193,34.90841333333333,65.49196833333332,110549.9968,170884.7789,125.8548
1701890123,1701890183,20.18918918918919,37,3,5,1,1,0,0,0,0,0,0,0,0,0,0,1,0,1,8,7,4,1,3,2,37.1587,24.0121,38.43844500000001,64.48959999999998,52954.2577,89427.0381,145.3085
1701890183,1701890243,12.375,80,2,3,1,3,3,3,4,4,3,3,3,3,3,3,5,4,4,9,4,6,2,4,1,44.6259,24.0166,31.660706666666666,65.15375833333334,99065.9236,147486.9458,132.3158
1701890243,1701890303,13.614285714285714,70,5,6,1,1,1,1,1,1,2,2,2,2,2,3,4,2,2,11,10,5,2,3,1,44.8559,24.011,38.331065,65.12312833333333,77108.505,135855.2088,133.4225
1701890303,1701890363,13.26984126984127,63,4,4,1,4,3,2,2,2,2,2,2,2,2,3,3,2,2,6,5,4,0,5,1,41.6963,23.9361,35.516875000000006,64.02582333333335,96476.1705,145524.5662,135.8819
1701890363,1701890423,10.480519480519481,77,3,6,0,2,3,4,4,4,4,4,4,4,4,2,5,1,0,6,5,6,3,3,0,42.8082,23.9377,40.79156333333333,64.89170999999999,69969.6713,112017.7862,142.1354
1701890423,1701890483,13.553846153846154,65,2,3,1,3,3,3,2,2,2,2,2,1,1,4,3,4,4,9,4,5,0,4,1,43.1838,23.9336,33.28431500000001,65.65695166666667,92269.4168,153590.685,132.403
1701890483,1701890543,12.833333333333334,60,1,5,0,2,2,2,1,1,2,2,3,3,3,1,2,0,1,11,8,4,4,2,0,35.8781,23.9276,36.710799999999985,64.23997166666668,73368.9959,112509.9509,134.559
1701890543,1701890603,14.736842105263158,76,6,9,2,0,0,0,0,0,1,1,1,1,1,4,7,4,4,11,9,4,3,6,2,46.7103,23.9473,29.935931666666665,64.29780999999998,71617.6801,115249.8521,131.8321
1701890603,1701890663,12.611940298507463,67,1,3,1,6,6,5,4,4,4,3,2,2,2,1,2,1,1,4,3,3,1,7,1,40.8405,23.9328,35.90857999999999,63.42878666666668,124408.205,189498.988,133.2124
1701890663,1701890723,14.641509433962264,53,1,4,0,1,1,1,1,2,3,3,3,5,5,0,2,0,0,5,4,7,2,2,1,34.375,23.8865,44.46879666666666,64.17527500000001,41359.6899,73008.2459,153.2376
1701890723,1701890784,14.855263157894736,76,2,5,2,2,1,1,1,1,1,1,1,1,1,7,7,7,7,9,5,8,1,3,2,57.899,23.9027,27.068364999999993,64.18254666666668,67853.4589,123160.1935,122.9444
1701890784,1701890844,11.955223880597014,67,1,6,0,2,2,2,2,2,2,2,2,2,2,1,3,1,2,12,11,3,3,2,2,37.7853,24.0662,32.82364666666667,65.58878166666666,102249.0683,143892.893,120.3253
1701890844,1701890904,13.6,70,5,8,2,3,2,1,1,1,1,1,1,1,1,2,5,2,2,8,8,3,4,6,2,41.3826,23.9259,32.25857999999999,64.82563333333334,69861.2135,114906.4278,138.1912
1701890904,1701890964,10.964285714285714,84,2,4,1,4,5,5,5,5,5,5,5,5,5,1,2,1,1,4,5,6,1,5,2,40.7043,23.9411,38.36933333333334,63.562610000000014,105080.9961,154043.0698,142.2011
1701890964,1701891024,13.26086956521739,69,1,3,1,3,3,3,3,2,2,2,2,2,2,4,5,4,5,5,4,7,1,3,2,41.8172,23.9492,38.55678166666667,64.85484333333332,82528.2153,142806.9709,131.7784
1701891024,1701891084,13.557377049180328,61,2,5,1,1,1,1,1,1,1,1,1,1,1,3,4,3,5,11,8,4,2,2,1,39.4154,23.9583,32.513630000000006,66.03089333333335,60542.0453,99460.1771,132.5093
1701891084,1701891144,13.709677419354838,62,4,6,2,1,1,1,1,1,2,2,2,2,2,1,3,1,2,9,7,3,2,5,2,39.5231,23.9692,32.086883333333326,64.41600166666666,89051.4504,137548.2301,131.952
1701891144,1701891204,11.476190476190476,84,2,4,1,6,5,5,5,4,4,4,4,3,3,2,4,2,2,6,5,5,2,6,0,42.4094,23.9695,38.01460999999999,64.18721666666669,108761.1058,161845.3548,139.0026
1701891204,1701891264,13.701754385964913,57,2,5,2,0,0,0,2,2,2,2,2,2,2,3,3,3,3,5,6,6,1,2,2,37.5166,23.9772,38.774011666666674,64.09740000000002,46840.4415,98007.8165,145.8034
1701891264,1701891324,13.166666666666666,78,3,6,1,2,2,2,2,2,2,2,2,2,2,3,4,3,5,10,10,5,2,4,2,41.5395,23.9996,28.183203333333335,65.55520166666666,107827.5988,154800.0198,116.8355
1701891324,1701891384,15.895833333333334,48,3,6,1,2,1,1,1,1,1,0,0,0,0,2,4,2,2,5,4,2,3,5,2,38.3059,24.0079,35.674036666666666,64.34523499999999,57356.9372,109448.1282,134.1247
1701891384,1701891444,11.433734939759036,83,3,5,3,5,4,4,4,4,4,4,4,5,5,0,1,0,2,6,6,5,1,5,3,42.3929,24.0079,36.30852833333335,63.475228333333334,101356.1642,137591.0528,141.9837
1701891444,1701891504,12.46987951807229,83,0,5,0,3,3,3,3,3,3,3,3,3,3,5,7,5,5,7,5,8,2,2,2,42.6343,24.015,36.507426666666696,64.32087166666666,77634.687,132920.4974,131.3105
1701891504,1701891564,16.74418604651163,43,3,5,2,2,2,0,0,0,0,0,0,0,0,1,2,1,1,9,5,3,2,3,2,37.7461,24.0044,32.58783999999999,64.32734166666665,72994.8571,111955.6969,135.3546
1701891564,1701891624,12.120481927710843,83,3,5,0,2,4,4,4,4,3,3,3,3,3,2,5,2,2,11,8,5,3,4,0,42.514,24.0231,32.80348833333333,64.68438,108229.4899,164480.6968,132.1467
1701891624,1701891684,13.4,70,2,4,1,4,3,2,2,3,3,3,3,3,3,3,4,3,2,5,4,6,1,5,1,40.0871,24.0361,40.64378666666666,64.92484,67663.9176,124408.863,147.2882
1701891684,1701891745,11.789473684210526,76,2,4,1,2,3,3,3,3,3,3,3,3,3,3,3,4,5,8,6,6,1,3,1,42.5765,24.0373,37.379298333333345,65.40926833333334,77172.7303,122230.7763,140.323
1701891745,1701891805,13.884057971014492,69,2,4,0,2,2,2,2,2,2,2,2,2,2,3,5,3,4,10,6,5,3,4,0,43.9429,23.9747,34.30857000000001,64.770335,81878.8416,128065.0127,124.7203
1701891805,1701891865,12.191780821917808,73,3,3,0,3,3,3,3,3,2,2,2,2,2,2,4,2,3,12,9,4,2,3,1,45.8166,23.9669,32.486073333333344,64.58172,112339.7048,167099.6217,126.4836
1701891865,1701891925,17.0,44,3,6,1,0,0,0,0,0,0,0,1,1,1,2,3,2,2,6,5,3,2,4,2,35.634,23.9273,39.05060666666667,63.362330000000014,33384.8974,77095.288,142.937
1701891925,1701891986,13.072916666666666,96,5,8,3,4,4,4,4,4,4,4,4,4,4,1,3,1,2,7,7,5,3,8,3,52.9354,23.9875,32.8124,64.26527833333334,121847.9252,163486.6267,123.2533
1701891986,1701892046,16.490909090909092,55,2,2,1,5,5,2,2,2,2,2,2,2,2,4,2,1,1,2,1,6,1,5,1,40.4449,23.9697,42.835128333333316,62.74472833333333,50817.1158,114021.7358,150.3971
1701892046,1701892106,9.348837209302326,86,1,2,0,1,4,4,4,4,4,4,4,4,3,5,6,5,5,12,7,5,1,1,0,50.4603,23.9514,33.50282166666666,65.22821666666668,104945.8353,138424.3794,132.9503
1701892106,1701892167,15.142857142857142,56,3,7,1,1,1,0,0,0,0,0,0,0,0,3,6,3,3,9,8,4,3,3,1,41.4387,23.9583,31.002274999999994,63.88252833333335,59658.1386,115325.4257,131.8035
1701892167,1701892227,13.407407407407407,81,5,8,3,2,3,3,3,3,3,3,3,3,3,1,1,1,4,8,7,4,0,7,3,42.5113,23.9783,33.81382333333334,63.94295333333335,102014.1054,144943.1627,132.3979
1701892227,1701892287,13.761904761904763,63,2,2,0,5,5,5,4,4,2,2,2,2,2,3,2,2,2,4,2,5,0,6,0,44.8546,23.9773,43.016788333333324,64.35975333333333,100213.1502,169015.1887,143.7813
1701892287,1701892347,11.838235294117647,68,1,2,0,1,2,2,2,2,4,4,5,5,5,2,3,2,3,8,5,7,1,2,0,37.4743,23.9815,41.66212000000002,65.09155666666666,65843.0676,106054.4957,151.185
1701892347,1701892407,14.528571428571428,70,1,3,1,1,1,1,1,1,1,1,1,1,1,5,6,5,6,13,10,6,1,2,1,40.6873,23.9723,27.876765000000013,64.85769166666665,79313.9272,124862.057,119.9038
1701892407,1701892467,15.62295081967213,61,6,9,1,1,1,1,1,1,1,1,1,1,1,0,3,0,0,9,11,2,2,7,1,38.6228,24.0073,31.75105,64.02222666666665,80502.5735,124756.2889,129.2881
1701892467,1701892527,11.820224719101123,89,2,3,2,6,6,6,6,6,6,5,5,4,4,2,2,2,1,3,2,6,0,8,2,44.0733,23.9978,38.19990833333333,63.719611666666665,121609.8301,188561.0783,137.9299
1701892527,1701892587,16.4,45,1,1,0,3,2,2,2,2,1,1,1,2,2,2,2,3,2,4,2,7,0,3,0,39.4384,23.996,49.82665499999999,64.51008499999999,60360.661,105360.5801,155.8418
1701892587,1701892647,14.333333333333334,72,2,4,0,0,0,0,1,2,2,2,2,2,2,5,7,5,5,11,9,7,2,2,0,43.2879,23.9871,31.217464999999997,64.14610666666665,64602.8625,103617.2575,135.7467
1701892647,1701892708,13.654320987654321,81,5,8,1,2,2,2,2,2,2,2,2,2,2,2,4,2,2,12,12,4,2,6,1,44.7008,23.9989,29.018006666666665,64.16808833333336,102086.5972,163072.8126,119.2337
1701892708,1701892768,17.645833333333332,48,3,5,1,2,2,2,2,2,2,2,2,2,2,0,0,0,0,3,3,4,0,8,1,35.3001,24.0366,44.65961166666668,63.48470499999999,68111.2705,119078.7843,151.3528
1701892768,1701892828,11.141304347826088,92,0,0,0,4,4,6,6,6,6,6,6,6,6,3,3,4,4,6,3,9,0,4,0,45.0524,24.0288,40.108521666666654,65.15399833333333,109733.9571,156566.2645,147.5203
1701892828,1701892888,13.75,64,0,5,0,0,0,0,0,0,0,0,0,0,0,6,9,6,6,13,8,6,4,0,1,38.6551,24.0057,33.20221333333334,64.57842333333333,56556.6954,109727.8999,123.5466
1701892888,1701892949,13.709090909090909,55,5,9,3,2,0,0,0,0,0,0,0,0,0,0,2,0,1,11,11,0,3,4,4,37.1239,24.0177,27.484334999999998,63.463753333333344,84272.8436,123868.9938,124.2126
1701892949,1701893009,10.804878048780488,82,4,6,1,4,4,4,5,5,5,5,5,4,4,0,3,0,0,4,5,4,3,6,1,41.2973,24.0546,37.55976833333333,63.264461666666655,108521.7307,152749.7682,133.5342
1701893009,1701893069,13.382352941176471,68,2,3,2,4,3,3,3,3,3,3,3,3,3,4,4,4,3,2,0,7,0,5,1,46.2431,24.0567,40.39436833333335,64.1808,71610.2222,139166.4849,148.6946
1701893069,1701893129,12.841269841269842,63,3,3,0,2,2,2,2,2,2,2,2,2,2,3,3,3,4,8,7,5,0,4,0,40.8165,24.0448,40.75299833333334,64.43276833333331,76081.0755,125033.8468,140.9379
1701893129,1701893189,12.736842105263158,76,0,3,0,3,3,3,3,3,3,3,3,3,3,3,5,3,4,10,7,5,2,3,1,40.1732,24.0552,32.622645,64.94242333333332,87480.6794,125808.7052,119.8842
1701893189,1701893249,16.537037037037038,54,5,8,2,0,0,0,0,0,0,0,0,0,0,2,4,2,2,9,8,3,2,5,2,39.2119,24.0062,33.58534666666667,64.38359166666669,59214.4673,103565.6341,134.5699
1701893249,1701893309,12.255102040816327,98,3,6,1,5,5,5,5,5,5,5,5,5,5,1,2,2,2,7,7,6,2,8,1,41.1978,23.9099,34.03117666666665,65.43579500000001,130365.6588,191009.3056,129.1874
1701893309,1701893369,16.955555555555556,45,1,2,1,3,3,2,1,1,1,1,0,0,0,2,4,2,2,5,3,5,2,3,1,35.0797,23.9125,45.57412166666666,63.24881666666665,59352.7623,109327.0063,146.0874
1701893369,1701893429,11.975308641975309,81,2,4,1,2,3,3,3,3,3,4,4,4,4,3,4,3,4,9,7,7,1,2,1,41.2386,23.8989,30.91970166666668,63.78426000000002,87777.8924,125784.9205,141.3963
1701893429,1701893489,13.765625,64,2,6,1,1,1,1,1,1,1,1,1,1,1,4,6,3,3,10,8,5,3,2,1,41.4743,23.907,32.66051333333334,62.79132000000001,58712.458,108980.4691,132.4153
1701893489,1701893549,13.84,75,6,9,3,1,1,1,2,2,2,2,2,2,2,2,2,2,2,10,9,3,0,7,3,45.6463,23.9128,32.25192333333333,64.36617833333334,97515.7623,148565.0835,126.8239
1701893549,1701893609,13.047619047619047,63,0,2,0,5,4,4,4,4,3,3,3,3,3,1,2,1,1,5,3,5,2,5,0,40.8528,23.8991,41.503518333333325,64.25743666666665,91824.0779,142392.6702,139.9481
1701893609,1701893669,11.955882352941176,68,3,5,2,0,0,0,1,2,3,3,3,3,3,3,4,4,4,7,6,6,2,2,2,42.008,23.906,36.252448333333334,63.62662499999999,72435.6301,118326.0481,142.474
1701893669,1701893729,11.75,80,2,4,1,3,3,3,3,3,3,3,3,2,2,3,5,3,4,10,8,5,3,3,1,41.37,23.9012,31.47315166666667,63.21895499999998,97069.4718,147575.4141,123.1186
1701893729,1701893789,14.705882352941176,51,2,8,0,1,1,0,0,0,0,0,0,0,1,2,4,1,1,10,10,3,4,2,1,36.0045,23.9179,33.43189166666666,63.44784000000002,64633.1634,103474.3821,136.2558
1701893789,1701893849,12.519480519480519,77,4,10,2,2,2,2,2,3,3,3,3,2,2,1,3,1,2,8,7,3,3,6,3,42.2381,23.9354,32.355713333333306,64.08658166666665,98345.746,145889.7678,122.9883
1701893849,1701893909,14.79245283018868,53,1,3,1,4,2,2,2,2,1,1,2,2,2,2,4,2,2,4,2,4,2,5,1,35.7755,23.9416,43.72612833333334,62.994355000000006,72314.5417,127515.0936,142.847
1701893909,1701893969,12.54054054054054,74,3,5,1,1,1,1,3,4,4,4,4,4,4,2,3,2,3,8,5,6,1,4,1,41.5101,23.949,40.214956666666666,62.26767500000001,76651.9935,123913.5702,143.1144
1701893969,1701894029,13.853333333333333,75,2,4,1,2,2,3,3,3,3,3,3,3,3,4,5,4,4,7,3,7,1,4,1,42.5406,23.9539,35.27593166666667,62.55625,80428.8375,130497.288,133.0202
1701894029,1701894089,13.271428571428572,70,3,5,1,3,2,2,2,2,2,2,2,2,2,3,3,3,4,8,8,5,1,4,1,41.4512,23.9674,35.73729666666667,64.18518166666668,81126.441,137775.6465,129.8797
1701894089,1701894149,11.126760563380282,71,3,5,1,4,4,3,3,3,3,3,3,2,2,2,4,1,3,6,5,4,2,4,1,41.1918,23.9698,36.43169333333333,63.59368666666668,100320.9362,148519.4834,137.5981
1701894149,1701894209,12.482758620689655,58,2,3,1,3,2,2,2,3,2,2,2,2,2,2,3,2,2,7,5,4,1,3,1,39.3772,23.9749,39.48852166666665,63.849781666666665,67518.6576,116734.2356,139.9993
1701894209,1701894269,12.772727272727273,66,3,6,1,1,1,1,1,2,2,2,2,2,2,2,4,3,4,8,9,4,1,3,2,40.8253,23.983,33.01502,63.88511166666664,74547.7469,114579.2213,134.7342
1701894269,1701894329,12.773809523809524,84,4,6,1,4,3,3,3,3,3,3,3,3,3,2,5,2,3,8,7,5,3,6,1,44.631,23.9894,32.2238,63.22792166666668,104145.2759,167727.6543,126.6695
1701894329,1701894389,14.754098360655737,61,4,5,1,3,2,2,3,3,3,3,3,3,3,1,1,1,1,3,3,6,0,6,1,41.0507,24.018,48.40367166666667,63.56662666666664,75765.3367,116030.3231,151.9065
1701894389,1701894449,13.13978494623656,93,3,2,0,4,4,4,4,4,4,4,4,4,4,6,5,5,6,7,5,9,0,5,0,48.2849,24.0199,37.475706666666674,63.968665000000016,101782.4157,174427.9414,137.3593
1701894449,1701894509,15.384615384615385,52,3,4,0,3,3,3,3,2,1,1,1,1,1,1,2,1,2,6,4,4,1,5,0,40.2285,24.0244,41.65193166666668,63.40217,80149.411,117722.2114,141.3933
1701894509,1701894569,13.04054054054054,74,3,4,1,2,2,2,2,2,3,3,3,3,3,5,5,4,4,7,4,7,1,3,1,46.4631,24.0282,34.613625,64.08734833333332,77417.4504,143035.9529,137.9568
1701894569,1701894629,11.661971830985916,71,0,4,0,3,3,3,3,3,3,3,2,3,3,3,3,3,3,10,8,5,1,2,0,40.8506,24.0378,36.242635,63.85020333333336,85920.9705,126945.3714,133.9273
1701894629,1701894689,14.183673469387756,49,2,6,1,0,0,0,0,0,0,0,0,1,1,2,5,2,3,8,7,4,3,1,3,35.9824,24.0254,33.81856166666666,64.40714666666666,58768.0289,95781.5022,132.1264
1701894689,1701894749,13.476923076923077,65,6,7,1,2,1,2,2,2,2,2,2,2,2,1,2,2,3,7,6,3,0,7,1,58.7746,24.0101,34.20205833333333,63.52374833333334,91077.8947,154453.2099,139.0671
1701894749,1701894809,11.903225806451612,93,2,2,0,7,7,6,6,6,6,6,6,6,6,2,2,2,1,3,2,8,0,7,0,43.6985,24.0095,45.55240833333334,63.88994166666667,112305.2375,173533.3593,149.9812
1701894809,1701894869,16.11320754716981,53,1,1,0,1,2,2,2,2,2,2,2,2,2,3,3,4,4,5,3,8,0,2,0,41.3912,23.9826,41.278185,64.56326833333334,55596.7458,92948.2376,141.5303
1701894869,1701894929,14.837837837837839,74,3,4,0,2,2,2,1,1,1,1,1,1,1,5,7,5,5,13,8,6,2,3,0,46.0382,23.9169,25.046768333333333,64.71273000000001,83741.2413,144076.4824,124.7924
1701894929,1701894989,12.074626865671641,67,3,7,1,2,2,3,3,3,3,3,3,3,3,1,1,0,0,7,7,4,3,4,1,38.4579,23.8882,38.00901,63.608203333333336,90636.3936,135862.6192,135.7763
1701894989,1701895049,13.088235294117647,68,3,3,0,2,2,3,3,3,3,3,3,3,3,2,4,2,3,6,4,6,2,5,0,41.4413,23.887,39.30567333333334,62.46325500000002,84907.7012,141867.1492,147.4717
1701895049,1701895109,12.289473684210526,76,1,2,0,3,3,3,3,3,3,3,3,3,3,3,5,4,5,9,6,6,1,4,0,40.0222,23.8932,37.073016666666675,63.303054999999986,88376.0622,137833.6156,139.4994
1701895109,1701895169,12.857142857142858,63,1,4,0,2,2,2,2,2,2,2,2,1,1,3,5,2,4,10,7,4,2,3,0,39.7996,23.8922,31.992651666666664,64.16436999999999,82807.5181,130188.1112,131.1706
1701895169,1701895229,13.892857142857142,56,3,6,1,1,1,1,1,1,1,1,2,2,2,1,3,1,2,9,7,3,2,4,1,39.1078,23.8638,37.45207833333333,63.60158500000001,65771.1758,107206.2782,138.8278
1701895229,1701895289,12.89655172413793,87,4,8,2,4,3,3,3,3,3,3,3,3,3,2,4,2,3,8,7,5,2,7,2,46.8941,23.8927,36.62325666666667,63.26893999999999,105012.2511,161996.7538,125.8777
1701895289,1701895349,13.26388888888889,72,3,4,1,4,4,4,4,4,4,4,4,4,4,2,1,1,0,2,4,7,0,6,1,39.1208,23.8965,42.30106666666668,62.58387499999999,87579.0027,143264.5063,152.5097
1701895349,1701895409,12.116883116883116,77,1,1,0,3,3,3,3,3,3,3,3,3,3,5,5,7,7,6,4,7,0,4,0,43.492,23.9062,39.757073333333324,64.16381000000001,83648.1572,141641.4606,144.6179
1701895409,1701895469,14.267857142857142,56,1,4,0,2,2,1,1,1,1,1,1,1,1,3,5,2,5,9,6,4,2,3,0,44.8552,23.9135,31.22220499999999,64.64335833333332,71046.9108,121002.6647,123.3381
1701895469,1701895530,11.923076923076923,65,2,4,0,4,2,2,2,3,3,3,2,2,2,1,3,2,3,10,7,3,1,4,0,40.0967,23.9093,38.22779499999999,63.42160666666666,84845.1931,134571.1609,137.624
1701895530,1701895590,11.651515151515152,66,2,5,0,4,4,2,2,2,2,2,2,3,3,2,4,2,3,7,5,5,2,2,1,42.9121,23.924,38.85328166666666,63.91722000000003,77224.359,122927.2147,140.1626
1701895590,1701895650,11.891891891891891,74,4,5,2,2,3,3,3,3,2,2,2,2,2,3,4,3,4,8,6,5,1,3,2,40.7906,24.0779,34.613221666666654,62.86446666666667,89871.21,140394.4505,134.7575
1701895650,1701895710,12.346666666666666,75,3,6,1,3,3,3,2,3,3,3,3,3,3,2,3,2,2,8,7,5,2,4,1,40.7845,23.9351,36.75313500000001,64.09354666666663,82766.5398,131321.0046,140.8125
1701895710,1701895771,13.465753424657533,73,3,4,1,2,2,2,2,2,3,3,3,3,3,3,4,3,3,8,6,6,1,5,1,44.9104,23.9463,35.86376500000001,64.20767,88130.4276,136750.7095,133.8003
1701895771,1701895831,12.2,75,1,5,0,3,3,3,3,3,3,3,3,3,2,3,4,2,3,8,7,5,3,4,1,38.232,23.9534,35.34864499999999,62.982034999999996,90915.0177,142878.4042,135.6621
1701895831,1701895891,14.859649122807017,57,4,5,2,1,1,1,1,1,1,1,1,1,1,3,3,2,2,8,7,4,1,4,2,38.3767,23.964,37.24088,64.224355,61008.2315,103716.1243,136.8441
1701895891,1701895951,11.863636363636363,88,3,5,0,4,4,4,4,4,4,4,4,3,3,3,5,3,3,8,7,5,2,6,0,44.8916,23.9532,33.50605333333333,63.282051666666675,117978.254,175782.9861,125.1149
1701895951,1701896012,12.936507936507937,63,4,5,1,2,2,2,2,2,2,2,2,2,2,3,4,2,2,4,6,5,1,5,1,38.3213,23.9637,41.29979999999999,62.832915,60588.4233,115293.2984,157.7268
1701896012,1701896072,11.675,80,2,2,0,4,4,4,4,4,4,5,5,5,5,2,2,3,4,6,3,7,0,5,0,41.4288,23.9664,38.20746666666668,63.03363833333332,104902.5411,157257.7045,139.557
1701896072,1701896132,14.25,60,1,3,0,1,1,1,1,1,1,1,1,1,1,5,7,4,5,9,6,6,2,2,0,38.7224,23.9722,35.26091999999999,63.522956666666666,66112.4558,117386.0787,136.8461
1701896132,1701896192,12.828947368421053,76,5,9,2,2,2,2,2,2,2,2,2,2,2,1,3,2,3,8,9,3,2,7,2,46.5048,23.9763,31.930885,63.726638333333334,91318.3638,140486.6961,128.0172
1701896192,1701896253,11.468354430379748,79,2,3,1,5,5,5,5,5,5,5,5,3,3,2,3,1,2,2,3,5,1,7,1,40.5673,23.9865,43.583259999999974,62.61890000000002,98199.6717,158223.7718,146.4776
1701896253,1701896313,13.785714285714286,56,1,1,0,3,2,2,2,2,2,2,4,4,4,3,3,3,2,4,2,7,0,3,0,36.547,23.9995,44.82796333333333,63.68308666666669,69026.0929,116358.8613,153.2463
1701896313,1701896373,13.391304347826088,69,2,5,0,0,0,0,1,1,1,1,1,1,1,4,6,6,7,14,9,5,2,1,1,44.6033,24.0013,28.739919999999994,65.3138416666667,70948.4854,120464.0369,126.4239
1701896373,1701896433,13.295081967213115,61,4,6,2,2,3,2,2,2,2,1,1,1,1,1,3,1,1,10,6,2,2,5,1,41.999,23.9486,32.125240000000005,64.09150833333334,84321.2181,129676.7493,134.9179
1701896433,1701896493,12.324675324675324,77,3,5,1,3,4,4,4,4,4,4,4,4,4,1,2,1,1,6,5,5,1,6,1,44.8341,23.9349,41.76017000000001,63.09050833333334,105992.8703,155080.052,134.6039
1701896493,1701896553,14.253731343283581,67,2,3,1,3,3,3,3,3,2,2,2,2,3,4,4,4,4,3,3,7,0,5,1,45.7762,23.9432,40.43653833333334,64.16771,65399.9847,127562.6649,146.9211
1701896553,1701896613,12.452054794520548,73,2,2,0,3,3,2,2,2,3,3,3,3,3,3,4,3,5,9,8,6,1,3,0,39.1886,23.9396,36.044470000000004,63.359776666666676,85197.769,135073.3134,135.5508
1701896613,1701896673,12.676470588235293,68,4,7,1,1,2,2,2,2,2,2,1,1,1,3,4,3,4,8,7,4,1,4,2,42.0346,23.9469,30.82409166666666,63.64900999999998,76869.4333,123890.592,133.1055
1701896673,1701896733,11.621621621621621,74,2,5,1,4,3,3,3,3,3,4,4,4,4,1,3,1,1,6,7,5,2,4,1,40.0274,23.9455,34.61697000000001,62.68796333333332,107045.9823,156102.805,133.0927
1701896733,1701896793,14.648148148148149,54,3,5,1,1,1,1,2,2,2,2,2,1,1,2,3,2,2,6,5,5,1,4,0,40.3593,23.9443,40.94164166666666,63.349644999999995,68762.9359,115432.1872,146.3662
1701896793,1701896853,12.126436781609195,87,2,4,0,4,4,4,4,4,3,3,4,4,4,3,5,3,3,8,7,7,2,5,0,41.8904,23.9361,36.890805,64.51445666666666,101570.2275,158475.788,132.0488
1701896853,1701896913,13.940298507462687,67,4,6,1,1,1,1,1,2,2,2,2,2,1,3,4,3,3,9,7,5,1,5,1,40.413,23.9425,45.38725833333334,63.179435000000005,71836.1774,122166.6378,144.566
1701896913,1701896973,13.487179487179487,78,4,4,0,4,4,4,4,4,4,4,4,3,3,2,2,2,2,6,5,6,0,7,0,40.2373,23.9372,44.92809166666667,64.545125,109044.1673,175027.5166,140.2094
1701896973,1701897033,15.481481481481481,54,1,1,0,3,4,3,3,3,2,2,2,2,3,3,2,2,2,3,2,7,0,4,0,38.8595,23.9293,53.510266666666666,62.71134333333331,55752.1792,98962.4248,150.4458
1701897033,1701897093,12.115384615384615,78,0,2,0,1,2,2,2,3,3,3,3,3,3,6,6,5,5,12,7,7,2,1,0,42.6907,23.9167,31.554079999999995,64.12530333333333,81506.6046,132931.2601,134.6204
1701897093,1701897153,12.17741935483871,62,2,6,1,1,1,1,1,1,0,0,0,0,0,3,6,3,3,15,10,2,4,1,1,37.7782,23.904,24.565981666666673,63.754315,81273.8717,121352.3457,114.4971
1701897153,1701897213,12.402985074626866,67,3,11,3,1,1,1,1,2,2,2,2,1,1,0,4,0,0,10,8,1,5,3,5,40.8528,23.9222,27.83009666666667,62.93535333333333,87759.1186,122725.388,119.0434
1701897213,1701897273,12.708333333333334,72,4,6,4,3,3,3,3,3,3,3,3,3,3,1,2,1,1,4,3,4,1,6,5,39.5225,23.9378,34.940614999999994,62.23431166666668,93750.1378,145268.0149,135.1984
1701897273,1701897333,12.23611111111111,72,1,2,1,4,4,4,4,4,4,4,5,5,5,3,1,1,1,3,3,8,1,3,1,40.9742,23.9836,43.06124833333333,62.92061833333333,88689.4857,145456.6622,149.4532
1701897333,1701897393,12.8,65,2,3,1,0,1,1,1,1,1,1,1,1,1,6,8,6,6,9,5,6,2,1,1,40.2277,23.9895,36.922643333333326,64.59265833333332,56912.6261,106562.4699,134.5535
1701897393,1701897453,12.60655737704918,61,3,5,1,2,2,2,2,1,1,1,1,1,1,1,3,2,3,13,9,2,2,2,1,43.1877,23.9726,27.12783166666667,63.86264666666667,89208.3396,130453.5537,110.6462
1701897453,1701897513,12.087719298245615,57,2,8,2,2,2,1,1,1,2,2,1,1,1,1,3,0,0,9,8,2,4,2,2,37.974,23.9966,34.687976666666664,62.75546500000003,68192.387,103553.1678,130.8891
1701897513,1701897573,12.17142857142857,70,4,7,2,2,3,3,3,3,2,2,2,3,3,2,3,2,2,5,4,4,1,5,3,41.6756,24.0083,34.11267833333333,63.62952333333332,90678.3866,136798.9249,131.648
1701897573,1701897634,11.474358974358974,78,1,3,1,4,4,4,4,4,4,4,4,4,3,3,4,3,3,5,3,6,2,4,1,38.4829,23.9687,40.898881666666654,63.44300833333332,91695.4596,150427.9644,142.1859
1701897634,1701897694,15.592592592592593,54,3,6,1,1,0,0,0,1,1,1,1,1,1,3,3,3,4,7,6,5,1,4,1,42.5156,23.9627,35.65283333333333,64.95613666666665,65951.9069,113055.4301,133.1767
1701897694,1701897754,12.476190476190476,84,2,5,0,3,3,3,4,4,4,4,4,4,4,2,4,2,3,8,7,6,3,5,0,40.5141,23.9703,32.84599333333334,64.34421166666667,115898.5883,173335.5936,128.4825
1701897754,1701897814,20.82857142857143,35,2,4,0,2,2,0,0,0,0,0,0,0,0,1,3,1,1,4,4,4,2,4,1,35.8114,23.9691,42.97716333333333,62.616704999999996,36414.4382,73835.9736,150.8696
1701897814,1701897875,11.5,90,3,5,2,4,5,5,5,5,4,4,4,4,4,2,3,2,3,6,6,6,1,5,2,48.7135,23.9786,34.478759999999994,63.884446666666655,107881.5296,163423.7583,128.1867
1701897875,1701897935,13.608695652173912,69,2,4,1,2,2,2,2,2,2,2,3,3,3,4,5,4,4,6,4,7,1,3,1,47.1705,23.9022,36.409001666666654,63.66065999999999,78999.2466,127334.22,137.2944
1701897935,1701897995,13.27027027027027,74,2,5,1,2,2,2,2,2,2,2,2,2,2,3,4,3,5,11,8,5,2,4,1,41.1692,23.8999,30.672473333333325,64.35367166666668,82479.1297,132944.6323,126.5412
1701897995,1701898055,13.725806451612904,62,3,6,2,2,2,2,2,2,2,2,2,2,2,2,2,0,1,7,7,4,1,5,2,36.8176,23.9065,35.227686666666656,63.92500166666663,90036.5146,138241.3677,132.597
1701898055,1701898116,12.133333333333333,75,3,5,2,4,4,4,4,4,3,3,3,3,3,3,2,1,1,5,5,5,1,6,1,41.2654,23.9003,37.51050666666667,63.40531166666666,93196.2788,147963.2904,140.8845
1701898116,1701898176,13.887096774193548,62,2,4,1,2,2,2,2,2,2,2,3,3,3,2,3,2,3,6,4,6,1,4,1,40.1161,23.8883,39.52779666666667,63.733443333333334,74895.3484,115284.2982,142.2289
1701898176,1701898236,15.186666666666667,75,4,5,1,2,2,2,2,2,2,2,2,2,2,5,4,4,4,8,6,7,0,6,1,47.1665,23.91,37.23489166666666,64.68505,81319.1181,143159.0052,137.9768
1701898236,1701898296,12.311688311688311,77,1,2,0,4,4,4,4,4,4,4,4,3,3,3,4,3,3,7,5,5,1,5,0,38.3349,23.9018,37.732878333333346,63.869495,92745.6417,145468.921,137.2182
1701898296,1701898357,15.7,50,2,5,1,1,1,1,1,1,1,1,1,1,1,2,2,2,3,7,6,5,1,3,1,38.069,23.9022,39.19987833333333,63.58387999999996,62961.5294,96926.0491,140.9023
1701898357,1701898417,12.207317073170731,82,2,6,1,3,3,2,2,2,2,2,2,2,2,4,6,4,5,12,9,5,2,3,1,40.4848,23.9078,27.93562166666667,64.88542666666667,82495.8366,141508.3619,121.9904
1701898417,1701898477,13.724137931034482,58,3,8,2,1,2,1,1,1,1,1,1,1,1,2,4,2,1,7,7,3,2,4,2,37.6616,23.911,34.69093833333333,64.928655,68336.9982,110451.8218,137.8925
1701898477,1701898537,11.833333333333334,90,5,9,3,3,4,4,4,4,4,4,4,4,4,1,2,2,2,5,6,5,1,7,3,54.6295,23.9191,33.50693833333334,63.63310499999999,113347.7457,168059.6855,128.1222
1701898537,1701898597,12.571428571428571,63,1,2,0,5,5,5,5,4,3,2,2,2,1,3,2,2,2,4,3,5,0,5,0,36.5552,23.9167,46.325169999999986,62.49950333333336,64902.2463,124614.262,153.9273
1701898597,1701898657,12.474576271186441,59,1,2,0,0,1,1,1,2,3,3,3,4,4,2,4,3,3,8,6,6,1,1,0,43.49,23.9237,40.135455,63.913435000000014,87571.2737,122572.5667,142.434
1701898657,1701898717,14.26388888888889,72,2,5,1,1,1,1,1,1,1,1,1,1,1,5,6,5,5,12,9,6,2,3,1,42.5227,24.1722,27.947345000000002,64.61778666666667,74467.3443,128993.7689,124.4355
1701898717,1701898777,12.973684210526315,76,2,8,1,2,2,2,2,2,2,2,2,2,2,1,6,1,1,12,10,3,5,4,2,45.8536,24.3043,30.14018,63.151879999999984,92349.1989,138051.8305,159.4867
1701898777,1701898837,13.412698412698413,63,4,5,3,2,2,2,2,2,2,2,2,2,2,2,2,2,3,6,5,4,0,4,3,52.9718,24.3853,42.276566666666675,63.35936333333335,78886.1551,128016.494,210.9577
1701898837,1701898897,14.928571428571429,56,5,5,0,2,2,2,2,2,2,2,2,2,2,1,2,1,2,5,4,4,1,6,0,58.941,24.4526,49.69933333333332,64.33416166666667,70867.6461,115750.2037,226.0781
1701898897,1701898957,12.0,94,0,1,0,6,6,6,6,6,6,6,6,5,5,3,3,3,3,6,4,7,1,5,0,59.3746,24.5103,44.43316833333334,64.22700333333333,118474.7646,184157.9588,215.8562
1701898957,1701899017,20.675,40,3,3,1,0,0,0,0,0,0,0,1,1,2,4,2,1,1,5,6,6,1,2,1,51.3944,24.3573,47.109711666666655,64.04501499999999,49176.307,85538.3886,200.3235
1701899017,1701899078,11.260416666666666,96,4,3,1,4,4,4,4,4,4,4,4,4,4,5,5,5,6,9,7,6,0,5,0,55.3747,24.321,46.18812666666667,66.83675666666669,112387.7371,183873.2499,142.6948
1701899078,1701899138,14.962264150943396,53,2,5,0,2,2,2,1,1,1,1,1,1,1,2,5,1,1,7,6,5,3,3,0,35.624,24.3291,42.89165833333332,64.493015,60999.4821,100757.761,147.3546
1701899138,1701899198,14.371428571428572,70,3,6,3,1,1,1,1,1,2,2,2,2,2,3,3,3,4,10,8,5,0,4,3,43.7548,24.3496,31.50875833333334,64.59380999999999,88712.6238,139700.6445,122.3127
1701899198,1701899258,11.792207792207792,77,1,5,0,4,4,4,4,3,3,3,3,3,2,2,5,2,3,7,6,4,3,5,1,38.4034,24.3577,34.20792333333332,64.11124333333333,88738.9114,139909.2723,136.5858
1701899258,1701899319,15.36,50,3,5,2,2,1,1,1,1,2,2,2,2,2,1,0,0,1,5,5,5,1,4,2,37.3883,24.3702,41.85352833333334,64.15043000000001,74275.9308,109311.9901,143.1581
1701899319,1701899379,12.686046511627907,86,3,3,1,4,4,3,3,3,3,3,3,3,3,4,5,4,5,10,6,7,1,4,1,44.3228,24.3667,34.01918000000001,64.45473333333335,93636.3054,163287.6457,135.6375
1701899379,1701899439,11.966666666666667,60,1,5,0,2,2,2,2,3,2,1,1,1,1,3,6,3,3,7,5,4,4,2,0,37.3317,24.2823,37.33321833333333,64.20976833333333,64000.8354,106408.7159,135.6038
1701899439,1701899499,15.526315789473685,57,6,8,2,1,0,0,0,1,1,1,1,2,2,1,2,1,3,7,6,3,1,6,2,44.6689,24.2914,34.76026333333334,64.579155,92264.3873,137925.9506,128.7436
1701899499,1701899560,11.092783505154639,97,2,3,0,7,7,7,6,6,6,6,6,5,4,2,3,2,2,5,4,6,1,7,0,36.9906,24.2911,42.51500000000001,63.750788333333354,100302.5365,165239.1051,143.2964
1701899560,1701899620,20.54054054054054,37,2,3,1,1,1,0,0,0,1,1,1,1,1,2,2,2,2,4,2,7,0,2,1,41.4098,24.2986,45.78458333333332,64.07390833333335,65759.0924,103414.5846,144.5879
1701899620,1701899680,12.03370786516854,89,3,3,0,2,3,3,3,3,4,4,4,4,4,5,6,5,5,10,7,8,1,2,0,43.2698,24.2819,31.53143833333333,65.14701333333332,92173.1387,154793.9748,136.3529
1701899680,1701899740,14.068965517241379,58,4,7,1,2,2,2,2,2,1,1,1,0,1,2,2,2,2,6,7,4,1,5,1,38.939,24.2854,37.247318333333325,65.15793333333332,74602.7359,125310.2724,138.5521
1701899740,1701899800,12.135802469135802,81,1,3,1,3,3,3,3,3,4,4,5,5,5,2,5,2,2,8,5,7,3,3,1,41.578,24.2837,36.792691666666684,65.11563333333332,104948.2761,150895.4074,134.0545
1701899800,1701899860,15.471698113207546,53,4,5,1,2,1,0,0,0,0,0,0,0,0,4,5,4,4,7,6,5,1,3,1,39.5904,24.2846,36.170964999999995,63.997846666666675,47999.1079,99864.8026,143.1965
1701899860,1701899920,11.12987012987013,77,4,5,0,3,3,3,3,4,4,4,4,4,4,0,2,1,3,9,8,4,1,4,0,44.2947,24.2862,34.98160333333335,65.13435,112662.6403,161928.5476,129.6237
1701899920,1701899980,13.356164383561644,73,1,3,0,3,3,3,3,3,3,3,3,3,3,4,5,3,3,8,4,7,2,3,0,41.3908,24.3058,38.466001666666656,63.908338333333326,76741.1211,133796.65,141.4568
1701899980,1701900040,15.3,50,3,4,1,1,1,1,1,1,1,1,1,1,1,2,2,2,3,9,6,4,1,3,0,46.7145,24.3557,37.534775,63.215116666666674,69839.3183,110079.5782,150.3914
1701900040,1701900100,13.761904761904763,84,5,6,1,4,4,4,3,3,3,3,3,3,3,2,3,2,3,8,6,5,1,8,1,57.9508,24.3727,35.896845,63.156138333333324,108492.5105,173366.8944,121.8215
1701900100,1701900160,12.926470588235293,68,1,2,0,4,4,4,4,4,5,5,5,5,4,2,1,0,0,2,2,7,1,5,1,34.7518,24.3901,46.09138666666665,63.04713333333332,83592.8164,127179.6192,157.8278
1701900160,1701900220,12.982758620689655,58,1,1,1,2,2,1,1,1,1,1,1,1,1,6,5,5,6,9,4,5,0,2,1,44.9437,24.3335,36.72175999999999,64.74519499999998,60215.0816,118881.1933,141.6339
1701900220,1701900281,12.304347826086957,69,3,8,0,0,0,0,0,1,1,1,1,1,1,2,6,3,3,17,13,2,4,2,0,41.9248,24.47,24.69335166666667,64.788675,92151.3457,133414.8613,114.4107
1701900281,1701900341,13.610169491525424,59,3,7,2,4,3,2,1,1,1,1,1,0,0,1,3,1,1,10,7,1,2,5,2,38.7364,24.3478,31.52647,62.827461666666636,64720.1199,108675.4458,129.7
1701900341,1701900401,11.453333333333333,75,3,7,2,3,4,4,3,3,4,4,4,5,5,0,1,0,0,5,5,5,1,4,3,38.0596,24.3533,37.99634666666667,63.64574666666666,118208.8421,163914.1043,129.3914
1701900401,1701900461,13.88888888888889,63,2,2,2,3,2,2,2,2,1,1,1,1,1,5,6,5,5,6,2,6,1,3,2,40.7486,24.3635,38.49275166666667,63.52374833333334,44049.5399,97786.3693,143.4537
1701900461,1701900522,10.555555555555555,72,3,4,1,4,3,2,2,4,4,4,4,4,3,1,2,1,1,9,8,4,2,2,0,50.5978,24.3624,35.80528500000001,64.55613833333332,101466.8088,144936.3229,132.9159
1701900522,1701900582,12.347222222222221,72,3,5,2,2,3,3,3,3,2,2,2,2,2,3,5,3,3,7,5,6,2,2,2,42.9647,24.3828,35.76206166666667,63.66627000000001,87952.6458,140608.9691,132.0456
1701900582,1701900642,14.19672131147541,61,3,6,1,2,1,1,1,1,2,1,1,1,1,3,3,3,3,9,7,4,2,4,1,45.4565,24.4262,35.386523333333336,63.77334333333334,60890.6568,110662.2445,143.3444
1701900642,1701900702,12.106060606060606,66,2,5,0,1,1,2,3,3,3,3,3,4,4,1,3,1,1,8,7,5,3,2,1,38.846,24.4345,34.70120999999999,64.01490500000001,107924.2137,149884.7018,132.098
1701900702,1701900762,13.848484848484848,66,2,6,3,3,2,2,2,1,1,1,1,1,1,4,4,3,3,7,5,5,2,4,3,40.1119,24.4326,35.24999666666667,63.512003333333354,65004.7924,119049.2448,136.9293
1701900762,1701900822,11.271428571428572,70,3,5,2,2,2,2,2,2,3,3,3,3,3,2,4,2,2,8,7,4,2,3,1,38.8105,24.3846,36.82807166666667,63.58497666666667,94382.0318,140067.4789,135.3123
1701900822,1701900882,12.214285714285714,70,2,5,0,2,2,3,3,3,2,2,2,2,2,3,5,3,4,8,6,5,2,3,1,39.641,24.3899,33.688253333333336,63.123231666666676,74364.0656,122716.3784,133.9302
1701900882,1701900942,14.138461538461538,65,4,7,2,1,1,1,1,1,1,1,2,2,2,2,3,2,3,9,8,4,2,4,2,43.5874,24.3998,32.61475333333335,64.67277166666662,94313.263,141687.6347,126.715
1701900942,1701901002,11.604938271604938,81,1,3,1,5,5,5,4,4,4,4,4,3,3,2,3,2,2,8,6,5,2,4,1,38.0588,24.3049,35.663551666666656,63.66987000000001,88085.4428,143215.8669,137.2653
1701901002,1701901062,14.833333333333334,48,3,5,2,1,1,1,1,1,1,1,1,1,1,2,2,1,1,6,6,5,1,2,2,37.4567,24.3024,37.81495166666666,63.38884333333333,67812.7124,104630.4875,140.8972
1701901062,1701901122,11.459770114942529,87,3,4,2,3,3,3,3,4,4,4,4,4,4,4,5,4,4,7,4,7,2,3,2,44.0978,24.2977,32.186780000000006,63.67038166666666,101797.3403,161718.7186,129.7154
1701901122,1701901182,15.098039215686274,51,2,6,0,2,2,1,1,1,1,1,1,1,1,1,4,1,1,6,6,5,3,3,1,37.454,24.3116,37.591494999999995,63.494640000000004,78206.6332,119133.1344,134.7698
1701901182,1701901242,12.956521739130435,69,3,5,4,2,2,2,2,3,3,2,2,2,2,4,4,3,3,4,4,6,0,3,4,47.617,24.3571,32.014648333333334,63.13216666666667,70152.9018,120286.9196,143.6092
1701901242,1701901302,17.289473684210527,38,2,4,0,2,2,2,1,1,0,0,0,1,1,1,1,1,1,5,5,3,1,4,0,41.6115,24.374,39.40531999999999,63.60550166666669,70943.1648,116075.0668,137.0922
1701901302,1701901362,12.539473684210526,76,4,4,2,2,2,2,2,3,4,4,4,4,4,2,3,2,2,7,6,6,1,4,2,43.3385,24.3683,36.40821833333334,64.189825,108872.8446,160319.8765,129.2844
1701901362,1701901422,12.242857142857142,70,1,2,0,4,4,4,4,2,2,2,2,2,2,4,6,4,4,7,4,6,2,2,0,44.6219,24.3098,36.21581166666668,64.547395,71224.304,128774.5927,138.7116
1701901422,1701901482,15.24,50,4,4,1,1,0,0,0,0,2,2,2,2,2,2,2,2,2,7,6,4,0,4,1,40.2954,24.325,37.29059666666665,63.712486666666656,82898.1624,123983.0142,140.1823
1701901482,1701901542,11.191011235955056,89,2,5,2,4,4,4,4,4,4,4,4,4,4,2,4,2,3,8,7,6,3,3,2,46.2773,24.3103,31.15939333333334,64.44534833333333,101730.8789,153847.0042,127.3891
1701901542,1701901602,13.116666666666667,60,2,6,1,2,2,2,2,2,0,0,0,0,0,4,6,4,2,8,7,4,2,3,1,36.3668,24.3169,34.618903333333336,63.46371499999999,53793.7833,103377.0021,137.47
1701901602,1701901662,12.758620689655173,58,4,8,2,1,1,1,1,1,1,1,3,3,2,0,1,1,1,7,8,2,2,5,2,44.1264,24.3449,37.56384500000001,64.33608666666666,94326.3405,133787.3817,131.5509
1701901662,1701901722,11.89090909090909,55,2,2,1,3,3,3,3,3,2,2,2,2,2,2,4,2,0,3,2,4,2,5,1,43.4493,24.3471,49.74333333333335,63.58167,73673.3683,122286.4617,148.4763
